"INDICATOR_CODE","INDICATOR_NAME","SOURCE_NOTE","SOURCE_ORGANIZATION",
"SP.POP.1564.TO.ZS","Población entre 15 y 64 años de edad (% del total)","La población entre 15 y 64 años es el porcentaje de la población total en el grupo etario de 15 a 64 años. La población se basa en la definición de facto de población.","Estimaciones del personal del Banco Mundial sobre la base de la distribución por edades/sexo de las Previsiones Demográficas Mundiales de la División de Población de las Naciones Unidas.",
"SP.POP.0014.TO.ZS","Población entre 0 y 14 años de edad (% del total)","Población entre 0 y 14 años como porcentaje de la población total. La población se basa en la definición de facto de población.","Estimaciones del personal del Banco Mundial sobre la base de la distribución por edades/sexo de las Previsiones Demográficas Mundiales de la División de Población de las Naciones Unidas.",
"SL.UEM.TOTL.ZS","Desempleo, total (% de la población activa total) (estimación modelado OIT) ","El desempleo es la proporción de la población activa que no tiene trabajo pero que busca trabajo y está disponible para realizarlo. Las definiciones de población activa y desempleo difieren según el país","Organización Internacional del Trabajo, base de datos sobre estadísticas de la OIT (ILOSTAT).",
"SL.UEM.TOTL.MA.ZS","Desempleo, varones (% de la población activa masculina) (estimación modelado OIT) ","El desempleo es la proporción de la población activa que no tiene trabajo pero que busca trabajo y está disponible para realizarlo. Las definiciones de población activa y desempleo difieren según el país","Organización Internacional del Trabajo, base de datos sobre estadísticas de la OIT (ILOSTAT).",
"SL.UEM.TOTL.FE.ZS","Desempleo, mujeres (% de la población activa femenina) (estimación modelado OIT) ","El desempleo es la proporción de la población activa que no tiene trabajo pero que busca trabajo y está disponible para realizarlo. Las definiciones de población activa y desempleo difieren según el país","Organización Internacional del Trabajo, base de datos sobre estadísticas de la OIT (ILOSTAT).",
"SL.TLF.TOTL.IN","Población activa, total","La población activa total comprende a personas de 15 años o más que satisfacen la definición de la Organización Internacional del Trabajo de población económicamente activa: todas las personas que aportan trabajo para la producción de bienes y servicios durante un período específico. Incluye tanto a las personas con empleo como a las personas desempleadas. Si bien las prácticas nacionales varían en el tratamiento de grupos como las fuerzas armadas o los trabajadores estacionales o a tiempo parcial, en general, la población activa incluye a las fuerzas armadas, a los desempleados, a los que buscan su primer trabajo, pero excluye a quienes se dedican al cuidado del hogar y a otros trabajadores y cuidadores no remunerados. ","Organización Internacional del Trabajo, base de datos de Indicadores principales sobre el mercado laboral.",
"SL.TLF.TOTL.FE.ZS","Población activa, mujeres (% de la población activa total)","La población activa femenina como porcentaje del total muestra hasta qué punto las mujeres son parte activa de la población activa. La población activa comprende a personas de 15 años o más que satisfacen la definición de la Organización Internacional del Trabajo de población económicamente activa.","Organización Internacional del Trabajo, base de datos de Indicadores principales sobre el mercado laboral.",
"SH.DYN.2024","","","",
"SH.DYN.1519","","","",
"SH.DYN.1014","","","",
"SH.DYN.0509","","","",
"SH.DTH.2024","","","",
"SH.DTH.1519","","","",
"SH.DTH.1014","","","",
"SH.DTH.0509","","","",
"SE.XPD.TOTL.GD.ZS","Gasto público en educación, total (% del PIB)","El gasto público en educación como porcentaje del PIB comprende el gasto público total (corriente y de capital) en educación expresado como porcentaje del Producto Interno Bruto (PIB) en un año determinado. El gasto público en educación incluye el gasto del Gobierno en instituciones educativas (públicas y privadas), administración educativa y subsidios o transferencias para entidades privadas (estudiantes/hogares y otras entidades privadas).","Instituto de Estadística de la Organización de las Naciones Unidas para la Educación, la Ciencia y la Cultura (UNESCO).",
"SE.XPD.TOTL.GB.ZS","Gasto público en educación, total (% del gasto del gobierno)","El gasto público en educación como porcentaje del gasto total del Gobierno corresponde al gasto público total (corriente y de capital) en educación, expresado como porcentaje del gasto total del Gobierno en todos los sectores en un año financiero determinado. El gasto público en educación incluye el gasto del Gobierno en instituciones educativas (públicas y privadas), administración educativa y subsidios para entidades privadas (estudiantes/hogares y otras entidades privadas).","Instituto de Estadística de la Organización de las Naciones Unidas para la Educación, la Ciencia y la Cultura (UNESCO).",
"SE.XPD.TERT.ZS","Gasto en educación de nivel terciario (% del gasto público en educación)","Expenditure on education by level of education, expressed as a percentage of total general government expenditure on education. Divide government expenditure on a given level of education (ex. primary, secondary) by total government expenditure on education (all levels combined), and multiply by 100. A high percentage of government expenditure on education spent on a given level denotes a high priority given to that level compared to others. When interpreting this indicator, one should take into account enrolment at that level, and the relative costs per student between different levels of education. For more information, consult the UNESCO Institute of Statistics website: http://www.uis.unesco.org/Education/","Instituto de Estadística de la Organización de las Naciones Unidas para la Educación, la Ciencia y la Cultura (Unesco).",
"SE.XPD.TERT.PC.ZS","Gasto por alumno, nivel terciario (% del PIB per cápita)","El gasto público por estudiante es el gasto público corriente en educación, dividido por la cantidad total de estudiantes por nivel, como porcentaje del PIB per cápita El gasto público (corriente y de capital) incluye el gasto del Gobierno en instituciones educativas (tanto públicas como privadas), administración educativa y subsidios para entidades privadas (estudiantes/hogares y otras entidades privadas).","Instituto de Estadística de la Organización de las Naciones Unidas para la Educación, la Ciencia y la Cultura (UNESCO).",
"SE.XPD.SECO.ZS","Porcentaje del gasto público en educación secundaria (% del gasto público en educación)","Expenditure on education by level of education, expressed as a percentage of total general government expenditure on education. Divide government expenditure on a given level of education (ex. primary, secondary) by total government expenditure on education (all levels combined), and multiply by 100. A high percentage of government expenditure on education spent on a given level denotes a high priority given to that level compared to others. When interpreting this indicator, one should take into account enrolment at that level, and the relative costs per student between different levels of education. For more information, consult the UNESCO Institute of Statistics website: http://www.uis.unesco.org/Education/","Instituto de Estadística de la Organización de las Naciones Unidas para la Educación, la Ciencia y la Cultura (Unesco).",
"SE.XPD.SECO.PC.ZS","Gasto por alumno, nivel secundario (% del PIB per cápita)","Gasto público por estudiante como % del PIB per cápita, educación secundaria. Corresponde al gasto público total por estudiante matriculado en la educación secundaria, expresado como porcentaje del PIB per cápita. El gasto público (corriente y de capital) incluye el gasto del Gobierno en instituciones educativas (públicas y privadas), administración educativa y subsidios para entidades privadas (estudiantes/hogares y otras entidades privadas).","Instituto de Estadística de la Organización de las Naciones Unidas para la Educación, la Ciencia y la Cultura (UNESCO).",
"SE.XPD.PRIM.ZS","Porcentaje del gasto público en educación primaria (% del gasto público en educación)","Expenditure on education by level of education, expressed as a percentage of total general government expenditure on education. Divide government expenditure on a given level of education (ex. primary, secondary) by total government expenditure on education (all levels combined), and multiply by 100. A high percentage of government expenditure on education spent on a given level denotes a high priority given to that level compared to others. When interpreting this indicator, one should take into account enrolment at that level, and the relative costs per student between different levels of education. For more information, consult the UNESCO Institute of Statistics website: http://www.uis.unesco.org/Education/","Instituto de Estadística de la Organización de las Naciones Unidas para la Educación, la Ciencia y la Cultura (Unesco).",
"SE.XPD.PRIM.PC.ZS","Gasto por alumno, nivel primario (% del PIB per cápita)","Gasto público por estudiante como % del PIB per cápita, educación primaria. Corresponde al gasto público total por estudiante matriculado en la educación primaria, expresado como porcentaje del PIB per cápita. El gasto público (corriente y de capital) incluye el gasto del Gobierno en instituciones educativas (públicas y privadas), administración educativa y subsidios para entidades privadas (estudiantes/hogares y otras entidades privadas).","Instituto de Estadística de la Organización de las Naciones Unidas para la Educación, la Ciencia y la Cultura (UNESCO).",
"SE.XPD.CTOT.ZS","Gasto corriente en educación, total (% del gasto total en instituciones públicas)","Current expenditure is expressed as a percentage of direct expenditure in public educational institutions (instructional and non-instructional) of the specified level of education. Financial aid to students and other transfers are excluded from direct expenditure. Current expenditure is consumed within the current year and would have to be renewed if needed in the following year. It includes staff compensation and current expenditure other than for staff compensation (ex. on teaching materials, ancillary services and administration).","Instituto de Estadística de la Organización de las Naciones Unidas para la Educación, la Ciencia y la Cultura (Unesco).",
"SE.XPD.CTER.ZS","Gasto corriente en educación, nivel terciario (% del gasto total en instituciones de educación de nivel terciario)","Current expenditure is expressed as a percentage of direct expenditure in public educational institutions (instructional and non-instructional) of the specified level of education. Financial aid to students and other transfers are excluded from direct expenditure. Current expenditure is consumed within the current year and would have to be renewed if needed in the following year. It includes staff compensation and current expenditure other than for staff compensation (ex. on teaching materials, ancillary services and administration).","Instituto de Estadística de la Organización de las Naciones Unidas para la Educación, la Ciencia y la Cultura (Unesco).",
"SE.XPD.CSEC.ZS","Gasto corriente en educación, nivel secundario (% del gasto total en instituciones de educación de nivel secundario)","Current expenditure is expressed as a percentage of direct expenditure in public educational institutions (instructional and non-instructional) of the specified level of education. Financial aid to students and other transfers are excluded from direct expenditure. Current expenditure is consumed within the current year and would have to be renewed if needed in the following year. It includes staff compensation and current expenditure other than for staff compensation (ex. on teaching materials, ancillary services and administration).","Instituto de Estadística de la Organización de las Naciones Unidas para la Educación, la Ciencia y la Cultura (Unesco).",
"SE.XPD.CPRM.ZS","Gasto corriente en educación, nivel primario (% del gasto total en instituciones de educación de nivel primario)","Current expenditure is expressed as a percentage of direct expenditure in public educational institutions (instructional and non-instructional) of the specified level of education. Financial aid to students and other transfers are excluded from direct expenditure. Current expenditure is consumed within the current year and would have to be renewed if needed in the following year. It includes staff compensation and current expenditure other than for staff compensation (ex. on teaching materials, ancillary services and administration).","Instituto de Estadística de la Organización de las Naciones Unidas para la Educación, la Ciencia y la Cultura (Unesco).",
"SE.TER.TCHR.FE.ZS","Educacin terciaria, profesores (% de mujeres)","Porcentaje de maestras, educación superior. Corresponde al número de maestras en el nivel superior, expresado como porcentaje del total de docentes (varones y mujeres) en dicho nivel en un año escolar determinado. El término “docentes” se refiere a personas empleadas a tiempo completo o parcial, facultados oficialmente para guiar y dirigir la experiencia de aprendizaje de alumnos y estudiantes, independientemente de título académico o del medio de enseñanza (presencial y (o) a distancia). Esta definición excluye al personal educacional que no cumple funciones docentes activas (por ejemplo, directores y directoras de escuela que no imparten docencia) y personas que trabajan ocasionalmente o de manera voluntaria en instituciones educacionales.","Instituto de Estadística de la Organización de las Naciones Unidas para la Educación, la Ciencia y la Cultura (UNESCO).",
"SE.TER.ENRR.MA","Inscripción escolar, nivel terciario, varones (% bruto)","Tasa bruta de matrícula, educación superior (niveles 5 y 6 de la CINE), varones. Corresponde al número total de varones matriculados en educación superior (niveles 5 y 6 de la CINE), independientemente de su edad, expresado como porcentaje de la población total de varones en el grupo etario cinco años después de finalizar la enseñanza secundaria.","Instituto de Estadística de la Organización de las Naciones Unidas para la Educación, la Ciencia y la Cultura (UNESCO).",
"SE.TER.ENRR.FE","Inscripción escolar, nivel terciario, mujeres (% bruto)","Tasa bruta de matrícula, educación superior (niveles 5 y 6 de la CINE), mujeres. Corresponde al número total de mujeres matriculadas en educación superior (niveles 5 y 6 de la CINE), independientemente de su edad, expresado como porcentaje de la población total de mujeres en el grupo etario cinco años después de finalizar la enseñanza secundaria.  ","Instituto de Estadística de la Organización de las Naciones Unidas para la Educación, la Ciencia y la Cultura (UNESCO).",
"SE.TER.ENRR","Inscripción escolar, nivel terciario (% bruto)","Tasa bruta de matrícula, educación superior (niveles 5 y 6 de la CINE), total. Corresponde al número total de estudiantes matriculados en educación superior (niveles 5 y 6 de la CINE), independientemente de su edad, expresado como porcentaje de la población total del grupo etario cinco años después de finalizar la enseñanza secundaria.  ","Instituto de Estadística de la Organización de las Naciones Unidas para la Educación, la Ciencia y la Cultura (UNESCO).",
"SE.TER.ENRL.TC.ZS","Relación alumno-maestro, nivel terciario","Tertiary school pupil-teacher ratio is the average number of pupils per teacher in tertiary school.","Instituto de Estadística de la Organización de las Naciones Unidas para la Educación, la Ciencia y la Cultura (UNESCO).",
"SE.TER.CUAT.ST.ZS","Nivel de instrucción, al menos escuela terciaria de ciclo corto finalizada, población de más de 25 años, total (%) (acumulativo)","The percentage of population ages 25 and over that attained or completed short-cycle tertiary education.","Instituto de Estadística de la Organización de las Naciones Unidas para la Educación, la Ciencia y la Cultura (UNESCO).",
"SE.TER.CUAT.ST.MA.ZS","Nivel de instrucción, al menos escuela terciaria de ciclo corto finalizada, población de más de 25 años, varones (%) (acumulativo)","The percentage of population ages 25 and over that attained or completed short-cycle tertiary education.","Instituto de Estadística de la Organización de las Naciones Unidas para la Educación, la Ciencia y la Cultura (UNESCO).",
"SE.TER.CUAT.ST.FE.ZS","Nivel de instrucción, al menos escuela terciaria de ciclo corto finalizada, población de más de 25 años, mujeres (%) (acumulativo)","The percentage of population ages 25 and over that attained or completed short-cycle tertiary education.","Instituto de Estadística de la Organización de las Naciones Unidas para la Educación, la Ciencia y la Cultura (UNESCO).",
"SE.TER.CUAT.MS.ZS","Nivel de instrucción, al menos nivel de maestría o equivalente, población de más de 25 años, total (%) (acumulativo)","The percentage of population ages 25 and over that attained or completed Master's or equivalent.","Instituto de Estadística de la Organización de las Naciones Unidas para la Educación, la Ciencia y la Cultura (UNESCO).",
"SE.TER.CUAT.MS.MA.ZS","Nivel de instrucción, al menos nivel de maestría o equivalente, población de más de 25 años, varones (%) (acumulativo)","The percentage of population ages 25 and over that attained or completed Master's or equivalent.","Instituto de Estadística de la Organización de las Naciones Unidas para la Educación, la Ciencia y la Cultura (UNESCO).",
"SE.TER.CUAT.MS.FE.ZS","Nivel de instrucción, al menos nivel de maestría o equivalente, población de más de 25 años, mujeres (%) (acumulativo)","The percentage of population ages 25 and over that attained or completed Master's or equivalent.","Instituto de Estadística de la Organización de las Naciones Unidas para la Educación, la Ciencia y la Cultura (UNESCO).",
"SE.TER.CUAT.DO.ZS","Nivel de instrucción, al menos nivel de doctorado o equivalente, población de más de 25 años, total (%) (acumulativo)","The percentage of population ages 25 and over that attained or completed Doctoral or equivalent.","Instituto de Estadística de la Organización de las Naciones Unidas para la Educación, la Ciencia y la Cultura (UNESCO).",
"SE.TER.CUAT.DO.MA.ZS","Nivel de instrucción, al menos nivel de doctorado o equivalente, población de más de 25 años, varones (%) (acumulativo)","The percentage of population ages 25 and over that attained or completed Doctoral or equivalent.","Instituto de Estadística de la Organización de las Naciones Unidas para la Educación, la Ciencia y la Cultura (UNESCO).",
"SE.TER.CUAT.DO.FE.ZS","Nivel de instrucción, al menos nivel de doctorado o equivalente, población de más de 25 años, mujeres (%) (acumulativo)","The percentage of population ages 25 and over that attained or completed Doctoral or equivalent.","Instituto de Estadística de la Organización de las Naciones Unidas para la Educación, la Ciencia y la Cultura (UNESCO).",
"SE.TER.CUAT.BA.ZS","Nivel de instrucción, al menos nivel de licenciatura o equivalente, población de más de 25 años, total (%) (acumulativo)","The percentage of population ages 25 and over that attained or completed Bachelor's or equivalent.","Instituto de Estadística de la Organización de las Naciones Unidas para la Educación, la Ciencia y la Cultura (UNESCO).",
"SE.TER.CUAT.BA.MA.ZS","Nivel de instrucción, al menos nivel de licenciatura o equivalente, población de más de 25 años, varones (%) (acumulativo)","The percentage of population ages 25 and over that attained or completed Bachelor's or equivalent.","Instituto de Estadística de la Organización de las Naciones Unidas para la Educación, la Ciencia y la Cultura (UNESCO).",
"SE.TER.CUAT.BA.FE.ZS","Nivel de instrucción, al menos nivel de licenciatura o equivalente, población de más de 25 años, mujeres (%) (acumulativo)","The percentage of population ages 25 and over that attained or completed Bachelor's or equivalent.","Instituto de Estadística de la Organización de las Naciones Unidas para la Educación, la Ciencia y la Cultura (UNESCO).",
"SE.SEC.UNER.LO.ZS","Adolescentes que no asisten a la escuela (% de adolescentes en edad de asistir al ciclo inferior de la escuela secundaria)","Adolescents out of school are the percentage of lower secondary school age adolescents who are not enrolled in school.","Instituto de Estadística de la Organización de las Naciones Unidas para la Educación, la Ciencia y la Cultura (UNESCO).",
"SE.SEC.UNER.LO.MA.ZS","Adolescentes que no asisten a la escuela, varones (% de varones en edad de asistir al ciclo inferior de la escuela secundaria)","Adolescents out of school are the percentage of lower secondary school age adolescents who are not enrolled in school.","Instituto de Estadística de la Organización de las Naciones Unidas para la Educación, la Ciencia y la Cultura (UNESCO).",
"SE.SEC.UNER.LO.FE.ZS","Adolescentes que no asisten a la escuela, mujeres (% de mujeres en edad de asistir al ciclo inferior de la escuela secundaria)","Adolescents out of school are the percentage of lower secondary school age adolescents who are not enrolled in school.","United Nations Educational, Scientific, and Cultural Organization (UNESCO) Institute for Statistics.",
"SE.SEC.TCHR.FE.ZS","Educación de nivel secundario, maestros (% de mujeres)","Porcentaje de maestras, educación secundaria. Corresponde al número de maestras en el nivel secundario, expresado como porcentaje del total de docentes (varones y mujeres) en dicho nivel en un año escolar determinado. El término “docentes” se refiere a personas empleadas a tiempo completo o parcial, facultadas oficialmente para guiar y dirigir la experiencia de aprendizaje de alumnos y estudiantes, independientemente de su título académico o del medio (presencial y (o) a distancia). Esta definición excluye al personal educacional que no cumple funciones docentes activas (por ejemplo, directores y directoras de escuela que no imparten docencia) y personas que trabajan ocasionalmente o de manera voluntaria en instituciones educacionales.","Instituto de Estadística de la Organización de las Naciones Unidas para la Educación, la Ciencia y la Cultura (UNESCO).",
"SE.SEC.TCHR.FE","Educación de nivel secundario, maestras","Personal docente en educación secundaria, instituciones públicas y privadas, tiempo completo y parcial, todos los programas, mujeres. Corresponde al número total de maestras en instituciones públicas y privadas de educación secundaria (niveles 2 y 3 de la CINE). El término “docentes” se refiere a personas empleadas a tiempo completo o parcial y facultados oficialmente para guiar y dirigir la experiencia de aprendizaje de alumnos y estudiantes, independientemente de título académico o del medio de enseñanza (presencial y (o) a distancia). Esta definición excluye al personal educacional que no cumple funciones docentes activas (por ejemplo, directores y directoras de escuela que no imparten docencia) y personas que trabajan ocasionalmente o de manera voluntaria en instituciones educacionales.","Instituto de Estadística de la Organización de las Naciones Unidas para la Educación, la Ciencia y la Cultura (UNESCO).",
"SE.SEC.TCHR","Educación de nivel secundario, maestros","Personal docente en la educación secundaria, instituciones públicas y privadas, tiempo completo y parcial, todos los programas, total. Corresponde al número total de docentes en instituciones públicas y privadas de educación secundaria (niveles 2 y 3 de la CINE). El término “docentes” se refiere a personas empleadas a tiempo completo o parcial, facultados oficialmente para guiar y dirigir la experiencia de aprendizaje de alumnos y estudiantes, independientemente de título académico o del medio de enseñanza (presencial y (o) a distancia). Esta definición excluye al personal educacional que no cumple funciones docentes activas (por ejemplo, directores y directoras de escuela que no imparten docencia) y personas que trabajan ocasionalmente o de manera voluntaria en instituciones educacionales.","Instituto de Estadística de la Organización de las Naciones Unidas para la Educación, la Ciencia y la Cultura (UNESCO).",
"SE.SEC.TCAQ.ZS","Maestros capacitados en educación de nivel secundario, (% del total de maestros)","Number of teachers who have received the minimum organized teacher training (pre-service or in-service) required for teaching at the secondary level in the given country, expressed as a percentage of the total number of teachers at the secondary level.","Instituto de Estadística de la Organización de las Naciones Unidas para la Educación, la Ciencia y la Cultura (UNESCO).",
"SE.SEC.TCAQ.UP.ZS","Maestros capacitados en el ciclo superior de la educación de nivel secundario (% del total de maestros)","Trained teachers in upper secondary education are the percentage of upper secondary school teachers who have received the minimum organized teacher training (pre-service or in-service) required for teaching in a given country.","Instituto de Estadística de la Organización de las Naciones Unidas para la Educación, la Ciencia y la Cultura (UNESCO).",
"SE.SEC.TCAQ.UP.MA.ZS","Maestros capacitados en el ciclo superior de la educación de nivel secundario, varones (% de maestros varones)","Trained teachers in upper secondary education are the percentage of upper secondary school teachers who have received the minimum organized teacher training (pre-service or in-service) required for teaching in a given country.","Instituto de Estadística de la Organización de las Naciones Unidas para la Educación, la Ciencia y la Cultura (UNESCO).",
"SE.SEC.TCAQ.UP.FE.ZS","Maestros capacitados en el ciclo superior de la educación de nivel secundario, mujeres (% de maestras mujeres)","Trained teachers in upper secondary education are the percentage of upper secondary school teachers who have received the minimum organized teacher training (pre-service or in-service) required for teaching in a given country.","Instituto de Estadística de la Organización de las Naciones Unidas para la Educación, la Ciencia y la Cultura (UNESCO).",
"SE.SEC.TCAQ.MA.ZS","Maestros capacitados en educación de nivel secundario, varones (% de maestros varones)","Number of male teachers who have received the minimum organized teacher training (pre-service or in-service) required for teaching at the secondary level in the given country, expressed as a percentage of the total number of male teachers at the secondary level.","Instituto de Estadística de la Organización de las Naciones Unidas para la Educación, la Ciencia y la Cultura (UNESCO).",
"SE.SEC.TCAQ.LO.ZS","Maestros capacitados en el ciclo inferior de la educación de nivel secundario (% del total de maestros)","Trained teachers in lower secondary education are the percentage of lower secondary school teachers who have received the minimum organized teacher training (pre-service or in-service) required for teaching in a given country.","Instituto de Estadística de la Organización de las Naciones Unidas para la Educación, la Ciencia y la Cultura (UNESCO).",
"SE.SEC.TCAQ.LO.MA.ZS","Maestros capacitados en el ciclo inferior de la educación de nivel secundario, varones (% de maestros varones)","Trained teachers in lower secondary education are the percentage of lower secondary school teachers who have received the minimum organized teacher training (pre-service or in-service) required for teaching in a given country.","Instituto de Estadística de la Organización de las Naciones Unidas para la Educación, la Ciencia y la Cultura (UNESCO).",
"SE.SEC.TCAQ.LO.FE.ZS","Maestros capacitados en el ciclo inferior de la educación de nivel secundario, mujeres (% de maestras mujeres)","Trained teachers in lower secondary education are the percentage of lower secondary school teachers who have received the minimum organized teacher training (pre-service or in-service) required for teaching in a given country.","Instituto de Estadística de la Organización de las Naciones Unidas para la Educación, la Ciencia y la Cultura (UNESCO).",
"SE.SEC.TCAQ.FE.ZS","Maestros capacitados en educación de nivel secundario, mujeres (% de maestras mujeres)","Number of female teachers who have received the minimum organized teacher training (pre-service or in-service) required for teaching at the secondary level in the given country, expressed as a percentage of the total number of female teachers at the secondary level.","UNESCO Institute for Statistics",
"SE.SEC.PROG.ZS","Transición a la escuela secundaria (%)","Number of students admitted to the first grade of a higher level of education in a given year, expressed as a percentage of the number of students enrolled in the final grade of the lower level of education in the previous year. Divide the number of new entrants in the first grade of the specified higher cycle or level of education by the number of pupils who were enrolled in the final grade of the preceding cycle or level of education in the previous school year, and multiply by 100. High transition rates indicate a high level of access or transition from one level of education to the next. They also reflect the intake capacity of the next level of education. Inversely, low transition rates can signal problems in the bridging between two cycles or levels of education, due to either deficiencies in the examination system, or inadequate admission capacity in the higher cycle or level of education, or both. This indicator can be distorted by incorrect distinction between new entrants and repeaters, especially in the first grade of the specified higher level of education. Students who interrupted their studies for one or more years after having completed the lower level of education, together with the migrant students, could also affect the quality of this indicator.","Instituto de Estadística de la Organización de las Naciones Unidas para la Educación, la Ciencia y la Cultura (Unesco).",
"SE.SEC.PROG.MA.ZS","Transición a la escuela secundaria, varones (%)","Progression to secondary school refers to the number of new entrants to the first grade of secondary school in a given year as a percentage of the number of students enrolled in the final grade of primary school in the previous year (minus the number of repeaters from the last grade of primary education in the given year).","Instituto de Estadística de la Organización de las Naciones Unidas para la Educación, la Ciencia y la Cultura (UNESCO).",
"SE.SEC.PROG.FE.ZS","Transición a la escuela secundaria, mujeres (%)","Progression to secondary school refers to the number of new entrants to the first grade of secondary school in a given year as a percentage of the number of students enrolled in the final grade of primary school in the previous year (minus the number of repeaters from the last grade of primary education in the given year).","Instituto de Estadística de la Organización de las Naciones Unidas para la Educación, la Ciencia y la Cultura (UNESCO).",
"SE.SEC.PRIV.ZS","Inscripción escolar, nivel secundario, sector privado (% del total del nivel secundario) ","Porcentaje de matrícula en instituciones privadas, educación secundaria. Corresponde a la matrícula en instituciones privadas de educación secundaria, expresada como porcentaje de la matrícula total (en instituciones públicas y privadas) en dicho nivel de enseñanza. “Institución privada” se refiere a todas las instituciones educacionales no operadas por la autoridad pública, independientemente de si reciben apoyo financiero de ella. Un porcentaje alto indica gran participación de sectores distintos al gubernamental (entidades religiosas y otras organizaciones, asociaciones, comunidades, empresas privadas o personas) en la prestación organizada de programas educacionales.","Instituto de Estadística de la Organización de las Naciones Unidas para la Educación, la Ciencia y la Cultura (UNESCO).",
"SE.SEC.NENR.MA","Inscripción escolar, nivel secundario, varones (% neto) ","Tasa neta de matrícula, enseñanza secundaria, todos los programas, varones. Corresponde a la proporción entre el número de niños en edad de cursar educación secundaria, matriculados en dicho nivel de educación, y la población total de niños en edad de cursar educación secundaria.","Instituto de Estadística de la Organización de las Naciones Unidas para la Educación, la Ciencia y la Cultura (UNESCO).",
"SE.SEC.NENR.FE","Inscripción escolar, nivel secundario, mujeres (% neto) ","Tasa neta de matrícula, enseñanza secundaria, todos los programas, mujeres. Corresponde a la proporción entre el número de niñas en edad de cursar educación secundaria, matriculadas en dicho nivel de educación, y la población total de niñas en edad de cursar educación secundaria.","Instituto de Estadística de la Organización de las Naciones Unidas para la Educación, la Ciencia y la Cultura (UNESCO).",
"SE.SEC.NENR","Inscripción escolar, nivel secundario (% neto)","Tasa neta de matrícula, enseñanza secundaria, todos los programas, total. Corresponde a la proporción entre el número de estudiantes en edad de cursar educación secundaria, matriculados en dicho nivel de educación, y la población total en edad de cursar educación secundaria.","Instituto de Estadística de la Organización de las Naciones Unidas para la Educación, la Ciencia y la Cultura (UNESCO).",
"SE.SEC.ENRR.MA","Inscripción escolar, nivel secundario, varones (% bruto) ","Tasa bruta de matrícula, educación secundaria, todos los programas, varones. Corresponde al  número total de niños matriculados en educación secundaria, independientemente de su edad, expresado como porcentaje de la población total de niños en edad oficial de cursar enseñanza secundaria. La TBM puede ser superior a 100% debido a la inclusión de estudiantes mayores y menores a la edad oficial ya sea por repetir grados o por un ingreso precoz o tardío a dicho nivel de enseñanza.","Instituto de Estadística de la Organización de las Naciones Unidas para la Educación, la Ciencia y la Cultura (UNESCO).",
"SE.SEC.ENRR.FE","Inscripción escolar, nivel secundario, mujeres (% bruto) ","Tasa bruta de matrícula, educación secundaria, todos los programas, mujeres. Corresponde al número total de niñas matriculadas en educación secundaria, independientemente de su edad, expresado como porcentaje de la población total en edad oficial de cursar enseñanza secundaria. La TBM puede ser superior a 100% debido a la inclusión de estudiantes mayores y menores a la edad oficial ya sea por repetir grados o por un ingreso precoz o tardío a dicho nivel de enseñanza.","Instituto de Estadística de la Organización de las Naciones Unidas para la Educación, la Ciencia y la Cultura (UNESCO).",
"SE.SEC.ENRR","Inscripción escolar, nivel secundario (% bruto)","Tasa bruta de matrícula, enseñanza secundaria, todos los programas, total. Corresponde al número total de estudiantes matriculados en educación secundaria, independientemente de su edad, expresado como porcentaje de la población total en edad oficial de cursar la secundaria. La TBM puede ser superior a 100% debido a la inclusión de estudiantes mayores y menores a la edad oficial ya sea por repetir grados o por un ingreso precoz o tardío a dicho nivel de enseñanza.","Instituto de Estadística de la Organización de las Naciones Unidas para la Educación, la Ciencia y la Cultura (UNESCO).",
"SE.SEC.ENRL.VO.FE.ZS","Educación de nivel secundario, alumnos en programas vocacionales (% de mujeres)","Porcentaje de alumnas, educación secundaria, programas técnicos/vocacionales, total. Corresponde al número de alumnas matriculadas en programas técnicos/vocacionales de nivel secundario, expresado como porcentaje del total de estudiantes (niños y niñas) matriculados en programas técnicos/vocacionales en el nivel secundario en un año escolar determinado.","Instituto de Estadística de la Organización de las Naciones Unidas para la Educación, la Ciencia y la Cultura (UNESCO).",
"SE.SEC.ENRL.VO","Educación de nivel secundario, alumnos en programas vocacionales","Matrícula total en educación secundaria, instituciones públicas y privadas, programas técnicos/vocacionales, total. Corresponde al número total de estudiantes matriculados en programas técnicos/vocacionales en instituciones públicas y privadas de educación secundaria.","Instituto de Estadística de la Organización de las Naciones Unidas para la Educación, la Ciencia y la Cultura (UNESCO).",
"SE.SEC.ENRL.UP.TC.ZS","Relación alumno-maestro en el ciclo superior de la escuela secundaria","Upper secondary school pupil-teacher ratio is the average number of pupils per teacher in upper secondary school.","United Nations Educational, Scientific, and Cultural Organization (UNESCO) Institute for Statistics.",
"SE.SEC.ENRL.TC.ZS","Proporción alumnos-maestro, nivel secundario","Proporción de alumnos por docente, educación secundaria. Corresponde al número de alumnos matriculados en educación secundaria dividido por el número de docentes en dicho nivel.","Instituto de Estadística de la Organización de las Naciones Unidas para la Educación, la Ciencia y la Cultura (UNESCO).",
"SE.SEC.ENRL.LO.TC.ZS","Relación alumno-maestro en el ciclo inferior de la escuela secundaria","Lower secondary school pupil-teacher ratio is the average number of pupils per teacher in lower secondary school.","United Nations Educational, Scientific, and Cultural Organization (UNESCO) Institute for Statistics.",
"SE.SEC.ENRL.GC.FE.ZS","Educación de nivel secundario, alumnos en programas de educación general (% de mujeres)","Porcentaje de alumnas, educación secundaria, programas generales, total. Corresponde al número de alumnas matriculadas en programas generales de nivel secundario, expresado como porcentaje del total de estudiantes (niños y niñas) matriculados en programas generales en el nivel secundario en un año escolar determinado.","Instituto de Estadística de la Organización de las Naciones Unidas para la Educación, la Ciencia y la Cultura (UNESCO).",
"SE.SEC.ENRL.GC","Educación de nivel secundario, alumnos en programas de educación general","Matrícula total en educación secundaria, instituciones públicas y privadas, programas generales, total. Corresponde al número total de estudiantes matriculados en programas generales en instituciones públicas y privadas de educación secundaria.","Instituto de Estadística de la Organización de las Naciones Unidas para la Educación, la Ciencia y la Cultura (UNESCO).",
"SE.SEC.ENRL.FE.ZS","Educación de nivel secundario, alumnos (% de mujeres)","Porcentaje de alumnas., educación secundaria, todos los programas, total. Corresponde al número de alumnas matriculadas en todos los programas de nivel secundario, expresado como porcentaje del total de estudiantes (niños y niñas) matriculados en el nivel secundario en un año escolar determinado.","Instituto de Estadística de la Organización de las Naciones Unidas para la Educación, la Ciencia y la Cultura (UNESCO).",
"SE.SEC.ENRL","Educación de nivel secundario, alumnos","Matrícula total en educación secundaria, instituciones públicas y privadas, todos los programas, total. Corresponde al número total de estudiantes matriculados en instituciones públicas y privadas de educación secundaria.","Instituto de Estadística de la Organización de las Naciones Unidas para la Educación, la Ciencia y la Cultura (UNESCO).",
"SE.SEC.DURS","Educación de nivel secundario, duración (años)","Duración de educación secundaria es el número de grados (años) de los que consta la educación secundaria (niveles 2 y 3 de la CINE).","Instituto de Estadística de la Organización de las Naciones Unidas para la Educación, la Ciencia y la Cultura (UNESCO).",
"SE.SEC.CUAT.UP.ZS","Nivel de instrucción, al menos ciclo superior de la escuela secundaria completo, población de más de 25 años, total (%) (acumulativo)","The percentage of population ages 25 and over that attained or completed upper secondary education.","Instituto de Estadística de la Organización de las Naciones Unidas para la Educación, la Ciencia y la Cultura (UNESCO).",
"SE.SEC.CUAT.UP.MA.ZS","Nivel de instrucción, al menos ciclo superior de la escuela secundaria completo, población de más de 25 años, varones (%) (acumulativo)","The percentage of population ages 25 and over that attained or completed upper secondary education.","Instituto de Estadística de la Organización de las Naciones Unidas para la Educación, la Ciencia y la Cultura (UNESCO).",
"SE.SEC.CUAT.UP.FE.ZS","Nivel de instrucción, al menos ciclo superior de la escuela secundaria completo, población de más de 25 años, mujeres (%) (acumulativo)","The percentage of population ages 25 and over that attained or completed upper secondary education.","Instituto de Estadística de la Organización de las Naciones Unidas para la Educación, la Ciencia y la Cultura (UNESCO).",
"SE.SEC.CUAT.PO.ZS","Nivel de instrucción, al menos escuela de nivel posterior a la secundaria completa, población de más de 25 años, total (%) (acumulativo)","The percentage of population ages 25 and over that attained or completed post-secondary non-tertiary education.","Instituto de Estadística de la Organización de las Naciones Unidas para la Educación, la Ciencia y la Cultura (UNESCO).",
"SE.SEC.CUAT.PO.MA.ZS","Nivel de instrucción, al menos escuela de nivel posterior a la secundaria completa, población de más de 25 años, varones (%) (acumulativo)","The percentage of population ages 25 and over that attained or completed post-secondary non-tertiary education.","Instituto de Estadística de la Organización de las Naciones Unidas para la Educación, la Ciencia y la Cultura (UNESCO).",
"SE.SEC.CUAT.PO.FE.ZS","Nivel de instrucción, al menos escuela de nivel posterior a la secundaria completa, población de más de 25 años, mujeres (%) (acumulativo)","The percentage of population ages 25 and over that attained or completed post-secondary non-tertiary education.","Instituto de Estadística de la Organización de las Naciones Unidas para la Educación, la Ciencia y la Cultura (UNESCO).",
"SE.SEC.CUAT.LO.ZS","Nivel de instrucción, al menos ciclo inferior de la escuela secundaria completo, población de más de 25 años, total (%) (acumulativo)","The percentage of population ages 25 and over that attained or completed lower secondary education.","Instituto de Estadística de la Organización de las Naciones Unidas para la Educación, la Ciencia y la Cultura (UNESCO).",
"SE.SEC.CUAT.LO.MA.ZS","Nivel de instrucción, al menos ciclo inferior de la escuela secundaria completo, población de más de 25 años, varones (%) (acumulativo)","The percentage of population ages 25 and over that attained or completed lower secondary education.","Instituto de Estadística de la Organización de las Naciones Unidas para la Educación, la Ciencia y la Cultura (UNESCO).",
"SE.SEC.CUAT.LO.FE.ZS","Nivel de instrucción, al menos ciclo inferior de la escuela secundaria completo, población de más de 25 años, mujeres (%) (acumulativo)","The percentage of population ages 25 and over that attained or completed lower secondary education.","United Nations Educational, Scientific, and Cultural Organization (UNESCO) Institute for Statistics.",
"SE.SEC.CMPT.LO.ZS","Tasa de finalización del ciclo inferior de la educación secundaria, total (% del grupo etario pertinente)","Lower secondary education completion rate is measured as the gross intake ratio to the last grade of lower secondary education (general and pre-vocational). It is calculated as the number of new entrants in the last grade of lower secondary education, regardless of age, divided by the population at the entrance age for the last grade of lower secondary education.","Instituto de Estadística de la Organización de las Naciones Unidas para la Educación, la Ciencia y la Cultura (Unesco).",
"SE.SEC.CMPT.LO.MA.ZS","Tasa de finalización del ciclo inferior de la educación secundaria, varones (% del grupo etario pertinente)","Lower secondary education completion rate is measured as the gross intake ratio to the last grade of lower secondary education (general and pre-vocational). It is calculated as the number of new entrants in the last grade of lower secondary education, regardless of age, divided by the population at the entrance age for the last grade of lower secondary education.","Instituto de Estadística de la Organización de las Naciones Unidas para la Educación, la Ciencia y la Cultura (Unesco).",
"SE.SEC.CMPT.LO.FE.ZS","Tasa de finalización del ciclo inferior de la educación secundaria, mujeres (% del grupo etario pertinente)","Lower secondary education completion rate is measured as the gross intake ratio to the last grade of lower secondary education (general and pre-vocational). It is calculated as the number of new entrants in the last grade of lower secondary education, regardless of age, divided by the population at the entrance age for the last grade of lower secondary education.","Instituto de Estadística de la Organización de las Naciones Unidas para la Educación, la Ciencia y la Cultura (Unesco).",
"SE.SEC.AGES","Edad de ingreso a la escuela secundaria (años)","La edad de ingreso a la escuela secundaria es la edad en la que los estudiantes ingresan a la escuela secundaria, bajo el supuesto de que comenzaron en la edad oficial de ingreso al nivel inicial de educación, estudiaron a tiempo completo y progresaron a lo largo del sistema sin repetir o saltear grados.","Instituto de Estadística de la Organización de las Naciones Unidas para la Educación, la Ciencia y la Cultura (UNESCO).",
"SE.PRM.UNER.ZS","Niños que no asisten a la escuela (% de niños y niñas en edad de asistir a la escuela primaria)","Children out of school are the percentage of primary-school-age children who are not enrolled in primary or secondary school. Children in the official primary age group that are in preprimary education should be considered out of school.","Instituto de Estadística de la Organización de las Naciones Unidas para la Educación, la Ciencia y la Cultura (UNESCO).",
"SE.PRM.UNER.MA.ZS","Niños que no asisten a la escuela, varones (% de niños en edad de asistir a la escuela primaria)","Children out of school are the percentage of primary-school-age children who are not enrolled in primary or secondary school. Children in the official primary age group that are in preprimary education should be considered out of school.","United Nations Educational, Scientific, and Cultural Organization (UNESCO) Institute for Statistics.",
"SE.PRM.UNER.MA","Niños que no asisten a la escuela, nivel primario, varones","Niños no escolarizados en edad oficial de cursar educación primaria. Corresponde al número total de niños en edad oficial de cursar educación primaria que no están matriculados en primaria ni en secundaria.","Instituto de Estadística de la Organización de las Naciones Unidas para la Educación, la Ciencia y la Cultura (UNESCO).",
"SE.PRM.UNER.FE.ZS","Niños que no asisten a la escuela, mujeres (% de niñas en edad de asistir a la escuela primaria)","Children out of school are the percentage of primary-school-age children who are not enrolled in primary or secondary school. Children in the official primary age group that are in preprimary education should be considered out of school.","United Nations Educational, Scientific, and Cultural Organization (UNESCO) Institute for Statistics.",
"SE.PRM.UNER.FE","Niños que no asisten a la escuela, nivel primario, mujeres","Niñas no escolarizadas en edad oficial de cursar educación primaria. Corresponde al número total de niñas en edad oficial de cursar educación primaria que no están matriculadas en primaria ni en secundaria.","Instituto de Estadística de la Organización de las Naciones Unidas para la Educación, la Ciencia y la Cultura (UNESCO).",
"SE.PRM.UNER","Niños que no asisten a la escuela, nivel primario","Niños y niñas no escolarizados en edad oficial de cursar educación primaria, total. Corresponde al número total de niños y niñas en edad oficial de cursar educación primaria que no están matriculados en primaria ni en secundaria.","Instituto de Estadística de la Organización de las Naciones Unidas para la Educación, la Ciencia y la Cultura (UNESCO).",
"SE.PRM.TENR.MA","Total de inscripciones, nivel primario, varones (% neto)","Tasa bruta ajustada de matrícula, educación primaria, varones. Corresponde al número total de alumnos en edad oficial de cursar la educación primaria, matriculados en niveles primarios o secundarios, expresado como porcentaje de la población correspondiente. La Tasa neta de matrícula (TNM) muestra la cobertura de estudiantes en el grupo etáreo en edad oficial de cursar educación primaria matriculados en dicho nivel, mientras que la tasa bruta ajustada de matrícula (TBAM) amplía la medida a los estudiantes en edad oficial de cursar educación primaria que ya han iniciado la secundaria debido a que quizás entran a la primaria antes de cumplir la edad oficial o se saltan grados debido a su rendimiento académico.","Instituto de Estadística de la Organización de las Naciones Unidas para la Educación, la Ciencia y la Cultura (UNESCO).",
"SE.PRM.TENR.FE","Total de inscripciones, nivel primario, mujeres (% neto)","Tasa bruta ajustada de matrícula, educación primaria, mujeres. Corresponde al número total de alumnas en edad oficial de cursar educación primaria, matriculadas en niveles primarios o secundarios, expresado como porcentaje de la población correspondiente. La Tasa neta de matrícula (TNM) muestra la cobertura de estudiantes en el grupo etáreo en edad oficial de cursar educación primaria matriculados en dicho nivel, mientras que la tasa bruta ajustada de matrícula (TBAM) amplía la medida a los estudiantes en edad oficial de cursar educación primaria que ya han iniciado la secundaria debido a que quizás entran a la primaria antes de cumplir la edad oficial o se saltan grados debido a su rendimiento académico.","Instituto de Estadística de la Organización de las Naciones Unidas para la Educación, la Ciencia y la Cultura (UNESCO).",
"SE.PRM.TENR","Tasa de matriculación neta ajustada","Tasa bruta ajustada de matrícula, educación primaria. El total de inscriptos es la cantidad de alumnos del grupo en edad escolar correspondiente a la educación primaria inscriptos en la escuela primaria o secundaria, expresada como porcentaje de la población total en ese grupo etario. La Tasa neta de matrícula (TNM) muestra la cobertura de estudiantes en el grupo etáreo en edad oficial de cursar educación primaria matriculados en dicho nivel, mientras que la tasa bruta ajustada de matrícula (TBAM) amplía la medida a los estudiantes en edad oficial de cursar educación primaria que ya han iniciado la secundaria debido a que quizás entran a la primaria antes de cumplir la edad oficial o se saltan grados debido a su rendimiento académico.","Instituto de Estadística de la Organización de las Naciones Unidas para la Educación, la Ciencia y la Cultura (UNESCO).",
"SE.PRM.TCHR.FE.ZS","Educación de nivel primario, maestras (% de mujeres)","Porcentaje de maestras, educación primaria. Corresponde al número de maestras en primaria, expresado como porcentaje del total de docentes (varones y mujeres) en dicho nivel en un año escolar determinado. El término “docentes” se refiere a personas empleadas a tiempo completo o parcial, facultadas oficialmente para guiar y dirigir la experiencia de aprendizaje de alumnos y estudiantes, independientemente de título académico o del medio (presencial y (o) a distancia). Esta definición excluye al personal educacional que no cumple funciones docentes activas (por ejemplo, directores y directoras de escuela que no imparten docencia) y personas que trabajan ocasionalmente o de manera voluntaria en instituciones educacionales.","Instituto de Estadística de la Organización de las Naciones Unidas para la Educación, la Ciencia y la Cultura (UNESCO).",
"SE.PRM.TCHR","Educación de nivel primario, maestros","Personal docente en educación primaria, instituciones públicas y privadas, tiempo completo y parcial, todos los programas, total. Corresponde al número total de docentes en instituciones públicas y privadas de educación primaria. El término “docentes” se refiere a personas empleadas a tiempo completo o parcial, facultadas oficialmente para guiar y dirigir la experiencia de aprendizaje de alumnos y estudiantes, independientemente de título académico o del medio de enseñanza (presencial y (o) a distancia). Esta definición excluye al personal educacional que no cumple funciones docentes activas (por ejemplo, directores y directoras de escuela que no imparten docencia) y personas que trabajan ocasionalmente o de manera voluntaria en instituciones educacionales.","Instituto de Estadística de la Organización de las Naciones Unidas para la Educación, la Ciencia y la Cultura (UNESCO).",
"SE.PRM.TCAQ.ZS","Maestros capacitados en educación de nivel primario (% del total de maestros)","Porcentaje de docentes titulados, educación primaria, total. Corresponde al número de docentes que han recibido la capacitación formal mínima (antes o durante el servicio) exigida para ejercer la docencia en el nivel primario en un país determinado, expresado como porcentaje del número total de docentes en dicho nivel.","Instituto de Estadística de la Organización de las Naciones Unidas para la Educación, la Ciencia y la Cultura (UNESCO).",
"SE.PRM.TCAQ.MA.ZS","Maestros capacitados en educación de nivel primario, varones (% del total de maestros varones)","Porcentaje de docentes titulados, educación primaria, varones. Corresponde al número de maestros que han recibido capacitación formal mínima (antes o durante el servicio) exigida para ejercer la docencia en el nivel primario en un país determinado, expresado como porcentaje del número total de maestros en dicho nivel.","Instituto de Estadística de la Organización de las Naciones Unidas para la Educación, la Ciencia y la Cultura (UNESCO).",
"SE.PRM.TCAQ.FE.ZS","Maestros capacitados en educación de nivel primario, mujeres (% del total de maestras)","Porcentaje de docentes titulados, educación primaria, mujeres. Corresponde al número de maestras que han recibido capacitación formal mínima (antes o durante el servicio) exigida para ejercer docencia en el nivel primario en un país determinado, expresado como porcentaje del número total de maestras en dicho nivel.","Instituto de Estadística de la Organización de las Naciones Unidas para la Educación, la Ciencia y la Cultura (UNESCO).",
"SE.PRM.REPT.ZS","Repetidores, escuela primaria, total (% del total de inscriptos)","Porcentaje de repitentes en educación primaria, todos los grados, total. Corresponde al número de estudiantes matriculados en el mismo grado que el año anterior, expresado como porcentaje de todos los estudiantes matriculados en la educación primaria. Para calcularlo, se divide la suma de todos los estudiantes repitentes en todos los grados de educación primaria por el total de estudiantes matriculados en dicho nivel de educación y se multiplica por 100.","Instituto de Estadística de la Organización de las Naciones Unidas para la Educación, la Ciencia y la Cultura (UNESCO).",
"SE.PRM.REPT.MA.ZS","Repetidores, escuela primaria, varones (% de varones inscriptos)","Porcentaje de repitentes en educación primaria, todos los grados, varones. Corresponde al número de alumnos varones matriculados en el mismo grado que el año anterior, expresado como porcentaje de todos los alumnos matriculados en la educación primaria. Para calcularlo, se divide la suma de todos los niños repitentes en todos los grados de educación primaria por el total de niños matriculados en dicho nivel de educación y se multiplica por 100.","Instituto de Estadística de la Organización de las Naciones Unidas para la Educación, la Ciencia y la Cultura (UNESCO).",
"SE.PRM.REPT.FE.ZS","Repetidores, escuela primaria, mujeres (% de mujeres inscriptas)","Porcentaje de repitentes en educación primaria, todos los grados, mujeres. Corresponde al número de alumnas matriculadas en el mismo grado que el año anterior, expresado como porcentaje de todas las alumnas matriculadas en la educación primaria. Para calcularlo, se divide la suma de todas las niñas repitentes en todos los grados de educación primaria por el total de niñas matriculadas en dicho nivel de educación y se multiplica por 100. ","Instituto de Estadística de la Organización de las Naciones Unidas para la Educación, la Ciencia y la Cultura (UNESCO).",
"SE.PRM.PRSL.ZS","Perseverancia en la escuela hasta el último grado del nivel primario, total (% de la cohorte)","Perseverancia hasta el último año de primaria, total. Corresponde a la proporción de estudiantes matriculados en el primer grado de educación primaria que eventualmente llegan al último grado dicho nivel. La estimación está basada en el método de cohorte reconstruida, que utiliza los datos de matrícula y repitentes de dos años consecutivos.","Instituto de Estadística de la Organización de las Naciones Unidas para la Educación, la Ciencia y la Cultura (UNESCO).",
"SE.PRM.PRSL.MA.ZS","Perseverancia en la escuela hasta el último grado del nivel primario, varones (% de la cohorte)","Perseverancia hasta el último año de primaria, varones. Corresponde a la proporción de niños matriculados en el primer grado de educación primaria que eventualmente llegan al último grado dicho nivel. La estimación está basada en el método de cohorte reconstruida, que utiliza los datos de matrícula y repitentes de dos años consecutivos.","Instituto de Estadística de la Organización de las Naciones Unidas para la Educación, la Ciencia y la Cultura (UNESCO).",
"SE.PRM.PRSL.FE.ZS","Perseverancia en la escuela hasta el último grado del nivel primario, mujeres (% de la cohorte)","Perseverancia hasta el último año de primaria, mujeres. Corresponde a la proporción de niñas matriculadas en el primer grado de educación primaria que eventualmente llegan al último grado dicho nivel. La estimación está basada en el método de cohorte reconstruida, que utiliza los datos de matrícula y repitentes de dos años consecutivos.","Instituto de Estadística de la Organización de las Naciones Unidas para la Educación, la Ciencia y la Cultura (UNESCO).",
"SE.PRM.PRS5.ZS","Perseverancia en la escuela hasta el quinto grado, total (% de la cohorte)","Perseverancia en la escuela hasta el quinto grado, total. Corresponde a la proporción de estudiantes matriculados en el primer grado de educación primaria que eventualmente llegan al quinto grado. La estimación está basada en el método de cohorte reconstruida, que utiliza los datos de matrícula y repitentes de dos años consecutivos.","Instituto de Estadística de la Organización de las Naciones Unidas para la Educación, la Ciencia y la Cultura (UNESCO).",
"SE.PRM.PRS5.MA.ZS","Perseverancia en la escuela hasta el quinto grado, varones (% de la cohorte)","Perseverancia en la escuela hasta el quinto grado, varones. Corresponde a la proporción de niños matriculados en el primer grado de educación primaria que eventualmente llegan al quinto grado. La estimación está basada en el método de cohorte reconstruida, que utiliza los datos de matrícula y repitentes de dos años consecutivos.","Instituto de Estadística de la Organización de las Naciones Unidas para la Educación, la Ciencia y la Cultura (UNESCO).",
"SE.PRM.PRS5.FE.ZS","Perseverancia en la escuela hasta el quinto grado, mujeres (% de la cohorte)","Perseverancia en la escuela hasta el quinto grado, mujeres. Corresponde a la proporción de niñas matriculadas en el primer grado de educación primaria que eventualmente llegan al quinto grado. La estimación está basada en el método de cohorte reconstruida, que utiliza los datos de matrícula y repitentes de dos años consecutivos.","Instituto de Estadística de la Organización de las Naciones Unidas para la Educación, la Ciencia y la Cultura (UNESCO).",
"SE.PRM.PRIV.ZS","Inscripción escolar, nivel primario, sector privado (% del total del nivel primario) ","Porcentaje de matrícula en instituciones privadas, educación primaria. Corresponde a la matrícula en instituciones privadas de educación primaria, expresada como porcentaje de la matrícula total (en instituciones públicas y privadas) en dicho nivel de enseñanza. “Institución privada” se refiere a todas las instituciones educacionales no operadas por la autoridad pública, independientemente de si reciben apoyo financiero de ella. Un porcentaje alto indica una gran participación de sectores distintos al gubernamental (entidades religiosas y otras organizaciones, asociaciones, comunidades, empresas privadas o personas) en la impartición organizada de programas educacionales.","Instituto de Estadística de la Organización de las Naciones Unidas para la Educación, la Ciencia y la Cultura (UNESCO).",
"SE.PRM.OENR.ZS","Alumnos de mayor edad, nivel primario, (% de matrícula)","Over-age students are the percentage of those enrolled who are older than the official school-age range for primary education.","Instituto de Estadística de la Organización de las Naciones Unidas para la Educación, la Ciencia y la Cultura (UNESCO).",
"SE.PRM.OENR.MA.ZS","Alumnos de mayor edad, nivel primario, varones (% de matrícula de varones)","Over-age students are the percentage of those enrolled who are older than the official school-age range for primary education.","Instituto de Estadística de la Organización de las Naciones Unidas para la Educación, la Ciencia y la Cultura (UNESCO).",
"SE.PRM.OENR.FE.ZS","Alumnos de mayor edad, nivel primario, mujeres (% de matrícula de mujeres)","Over-age students are the percentage of those enrolled who are older than the official school-age range for primary education.","United Nations Educational, Scientific, and Cultural Organization (UNESCO) Institute for Statistics.",
"SE.PRM.NINT.ZS","Tasa neta de ingreso en primer grado (% de población oficial en edad escolar) ","Tasa neta de ingreso, educación primaria, total. Corresponde al número total de estudiantes que ingresan por primera vez al primer grado de educación primaria y que están en edad oficial de ingresar a dicho nivel de educación, expresado como porcentaje de la población total de la misma edad.","Instituto de Estadística de la Organización de las Naciones Unidas para la Educación, la Ciencia y la Cultura (UNESCO).",
"SE.PRM.NINT.MA.ZS","Tasa neta de ingreso en primer grado, varones (% de población en edad escolar oficial) ","Tasa neta de ingreso, educación primaria, varones. Corresponde al número total de niños que ingresan por primera vez al primer grado de educación primaria y que están en edad oficial de ingresar a dicho nivel de educación, expresado como porcentaje de la población de niños de la misma edad.","Instituto de Estadística de la Organización de las Naciones Unidas para la Educación, la Ciencia y la Cultura (UNESCO).",
"SE.PRM.NINT.FE.ZS","Tasa neta de ingreso en primer grado, mujeres (% de población en edad escolar oficial) ","Tasa neta de ingreso, educación primaria, mujeres. Corresponde al número total de niñas que ingresan por primera vez al primer grado de educación primaria y que están en edad oficial de ingresar a dicho nivel de educación, expresado como porcentaje de la población de niñas de la misma edad.","Instituto de Estadística de la Organización de las Naciones Unidas para la Educación, la Ciencia y la Cultura (UNESCO).",
"SE.PRM.NENR.MA","Inscripción escolar, nivel primario, varones (% neto) ","Tasa neta de matrícula, educación primaria, varones. Corresponde a la proporción entre el número de niños en edad en edad de cursar educación primaria, matriculados en dicho nivel de educación, y la población total de niños en edad de cursar educación primaria.","Instituto de Estadística de la Organización de las Naciones Unidas para la Educación, la Ciencia y la Cultura (UNESCO).",
"SE.PRM.NENR.FE","Inscripción escolar, nivel primario, mujeres (% neto) ","Tasa neta de matrícula, educación primaria, mujeres. Corresponde a la proporción entre el número de niñas en edad oficial de cursar educación primaria, matriculadas en dicho nivel de educación, y la población total de niñas en edad de cursar educación primaria.","Instituto de Estadística de la Organización de las Naciones Unidas para la Educación, la Ciencia y la Cultura (UNESCO).",
"SE.PRM.NENR","Inscripción escolar, nivel primario (% neto)","Tasa neta de matrícula, educación primaria, total. Corresponde a la proporción entre el número de estudiantes en edad de cursar educación primaria, matriculados en dicho nivel de educación, y la población total en edad de cursar educación primaria.","Instituto de Estadística de la Organización de las Naciones Unidas para la Educación, la Ciencia y la Cultura (UNESCO).",
"SE.PRM.GINT.ZS","Tasa bruta de ingreso en primer grado, total (% del grupo etario correspondiente)","Tasa bruta de ingreso, educación primaria, total. Corresponde al número total de estudiantes que ingresan por primera vez al primer grado de educación primaria, independientemente de su edad, expresado como porcentaje de la población de estudiantes en edad oficial de ingreso. Esta tasa puede ser superior a 100% debido a que hay niñas o niños que ingresan a la primaria antes o después de la edad oficial.  ","Instituto de Estadística de la Organización de las Naciones Unidas para la Educación, la Ciencia y la Cultura (UNESCO).",
"SE.PRM.GINT.MA.ZS","Tasa bruta de ingreso en primer grado, varones (% del grupo etario correspondiente)","Tasa bruta de ingreso, educación primaria, varones. Corresponde al número total de niños que ingresan por primera vez al primer grado de educación primaria, independientemente de su edad, expresado como porcentaje de la población de niños en edad oficial de ingreso. Esta tasa puede ser superior a 100% debido a que hay niñas o niños que ingresan a la primaria antes o después de la edad oficial.  ","Instituto de Estadística de la Organización de las Naciones Unidas para la Educación, la Ciencia y la Cultura (UNESCO).",
"SE.PRM.GINT.FE.ZS","Tasa bruta de ingreso en primer grado, mujeres (% del grupo etario correspondiente)","Tasa bruta de ingreso, educación primaria, mujeres. Corresponde al número total de niñas que ingresan por primera vez al primer grado de educación primaria, independientemente de su edad, expresado como porcentaje de la población de niñas en edad oficial de ingreso. Esta tasa puede ser superior a 100% debido a que hay niñas o niños que ingresan a la primaria antes o después de la edad oficial.  ","Instituto de Estadística de la Organización de las Naciones Unidas para la Educación, la Ciencia y la Cultura (UNESCO).",
"SE.PRM.ENRR.MA","Inscripción escolar, nivel primario, varones (% bruto) ","Tasa bruta de matrícula, educación primaria, varones. Corresponde al número total de niños matriculados en educación primaria, independientemente de su edad, expresado como porcentaje de la población total de niños en edad oficial de cursar enseñanza primaria. La TBM puede ser superior a 100% debido a la inclusión de estudiantes mayores y menores a la edad oficial ya sea por repetir grados o por un ingreso precoz o tardío a dicho nivel de enseñanza.  ","Instituto de Estadística de la Organización de las Naciones Unidas para la Educación, la Ciencia y la Cultura (UNESCO).",
"SE.PRM.ENRR.FE","Inscripción escolar, nivel primario, mujeres (% bruto) ","Tasa bruta de matrícula, educación primaria, mujeres. Corresponde al número total de niñas matriculadas en educación primaria, independientemente de su edad, expresado como porcentaje de la población total de niñas en edad oficial de cursar enseñanza primaria. La TBM puede ser superior a 100% debido a la inclusión de estudiantes mayores y menores a la edad oficial ya sea por repetir grados o por un ingreso precoz o tardío a dicho nivel de enseñanza.","Instituto de Estadística de la Organización de las Naciones Unidas para la Educación, la Ciencia y la Cultura (UNESCO).",
"SE.PRM.ENRR","Inscripción escolar, nivel primario (% bruto)","Tasa bruta de matrícula, educación primaria, total. Corresponde al número total de estudiantes matriculados en educación primaria, independientemente de su edad, expresado como porcentaje de la población total en edad oficial de cursar enseñanza primaria. La TBM puede ser superior al 100% debido a la inclusión de estudiantes mayores y menores a la edad oficial ya sea por repetir grados o por un ingreso precoz o tardío a dicho nivel de enseñanza.","Instituto de Estadística de la Organización de las Naciones Unidas para la Educación, la Ciencia y la Cultura (UNESCO).",
"SE.PRM.ENRL.TC.ZS","Proporción alumnos-maestro, nivel primario","Proporción de alumnos por docente, educación primaria. Corresponde al número de alumnos matriculados en educación primaria dividido por el número de docentes en dicho nivel.","Instituto de Estadística de la Organización de las Naciones Unidas para la Educación, la Ciencia y la Cultura (UNESCO).",
"SE.PRM.ENRL.FE.ZS","Educación de nivel primario, alumnos (% de mujeres)","Porcentaje de alumnas, educación primaria. Corresponde al número de alumnas en el nivel primario, expresado como porcentaje del total de estudiantes (niños y niñas) en el nivel primario en un año escolar determinado.","Instituto de Estadística de la Organización de las Naciones Unidas para la Educación, la Ciencia y la Cultura (UNESCO).",
"SE.PRM.ENRL","Educación de nivel primario, alumnos","Matrícula en educación primaria, instituciones públicas y privadas, todos los programas, total. Corresponde al número total de estudiantes matriculados en instituciones públicas y privadas de educación primaria.","Instituto de Estadística de la Organización de las Naciones Unidas para la Educación, la Ciencia y la Cultura (UNESCO).",
"SE.PRM.DURS","Educación de nivel primario, duración (años)","Duración de la educación primaria es el número de grados (años) de los que consta la educación primaria.","Instituto de Estadística de la Organización de las Naciones Unidas para la Educación, la Ciencia y la Cultura (UNESCO).",
"SE.PRM.CUAT.ZS","Nivel de instrucción, al menos escuela primaria completa, población de más de 25 años, total (%) (acumulativo)","The percentage of population ages 25 and over that attained or completed primary education.","Instituto de Estadística de la Organización de las Naciones Unidas para la Educación, la Ciencia y la Cultura (UNESCO).",
"SE.PRM.CUAT.MA.ZS","Nivel de instrucción, al menos escuela primaria completa, población de más de 25 años, varones (%) (acumulativo)","The percentage of population ages 25 and over that attained or completed primary education.","Instituto de Estadística de la Organización de las Naciones Unidas para la Educación, la Ciencia y la Cultura (UNESCO).",
"SE.PRM.CUAT.FE.ZS","Nivel de instrucción, al menos escuela primaria completa, población de más de 25 años, mujeres (%) (acumulativo)","The percentage of population ages 25 and over that attained or completed primary education.","United Nations Educational, Scientific, and Cultural Organization (UNESCO) Institute for Statistics.",
"SE.PRM.CMPT.ZS","Tasa de finalización de la educación de nivel primario, total (% del grupo etario correspondiente)","Tasa de finalización de la educación primaria, total. Corresponde al número total de estudiantes que ingresan al último año de educación primaria, independientemente de su edad, expresado como porcentaje de la población total en edad oficial de ingresar a dicho grado. Este indicador también se denomina “tasa bruta de ingreso al último grado de primaria”. Esta tasa puede ser superior a 100% debido a niños mayores y menores de la edad oficial de ingreso que entran a la educación primaria de forma precoz o tardía y (o) que han repetido grado.  ","Instituto de Estadística de la Organización de las Naciones Unidas para la Educación, la Ciencia y la Cultura (UNESCO).",
"SE.PRM.CMPT.MA.ZS","Tasa de finalización de la educación de nivel primario, varones (% del grupo etario correspondiente)","Tasa de finalización de educación primaria, varones. Corresponde al número total de niños que ingresan al último año de educación primaria, independientemente de su edad, expresado como porcentaje de la población masculina total en edad oficial de ingresar a dicho grado. Este indicador también se denomina “tasa bruta de ingreso al último grado de primaria”. Esta tasa puede ser superior a 100% debido a niños mayores y menores de la edad oficial de ingreso que entran a la educación primaria de forma precoz o tardía y (o) que han repetido grado.  ","Instituto de Estadística de la Organización de las Naciones Unidas para la Educación, la Ciencia y la Cultura (UNESCO).",
"SE.PRM.CMPT.FE.ZS","Tasa de finalización de la educación de nivel primario, mujeres (% del grupo etario correspondiente)","Tasa de finalización de educación primaria, mujeres. Corresponde al número total de niñas que ingresan al último año de educación primaria, independientemente de su edad, expresado como porcentaje de la población femenina total en edad oficial de cursar dicho grado. Este indicador también se denomina “tasa bruta de ingreso al último grado de primaria”. Esta tasa puede ser superior a 100% debido a niñas mayores y menores de la edad oficial de ingreso que entran a la educación primaria de forma precoz o tardía y (o) que han repetido grados.  ","Instituto de Estadística de la Organización de las Naciones Unidas para la Educación, la Ciencia y la Cultura (UNESCO).",
"SE.PRM.AGES","Edad de inicio de la educación de nivel primario","La edad de inicio de la educación de nivel primario es la edad en la cual los estudiantes ingresan a dicho nivel educativo bajo el supuesto de que han comenzado en la edad de ingreso oficial para el nivel más básico de educación, que han recibido instrucción a tiempo completo y que han avanzado a través del sistema sin repetir ni omitir ningún grado.","Instituto de Estadística de la Organización de las Naciones Unidas para la Educación, la Ciencia y la Cultura (UNESCO).",
"SE.PRE.TCAQ.ZS","Maestros capacitados en educación de nivel preescolar (% del total de docentes)","Trained teachers in preprimary education are the percentage of preprimary school teachers who have received the minimum organized teacher training (pre-service or in-service) required for teaching in a given country.","Instituto de Estadística de la Organización de las Naciones Unidas para la Educación, la Ciencia y la Cultura (UNESCO).",
"SE.PRE.TCAQ.MA.ZS","Maestros capacitados en educación de nivel preescolar, varones (% de maestros varones)","Trained teachers in preprimary education are the percentage of preprimary school teachers who have received the minimum organized teacher training (pre-service or in-service) required for teaching in a given country.","Instituto de Estadística de la Organización de las Naciones Unidas para la Educación, la Ciencia y la Cultura (UNESCO).",
"SE.PRE.TCAQ.FE.ZS","Maestros capacitados en educación de nivel preescolar, mujeres (% de maestras mujeres)","Trained teachers in preprimary education are the percentage of preprimary school teachers who have received the minimum organized teacher training (pre-service or in-service) required for teaching in a given country.","United Nations Educational, Scientific, and Cultural Organization (UNESCO) Institute for Statistics.",
"SE.PRE.ENRR.MA","Inscripción escolar, nivel preprimario, varones (% bruto)","Tasa bruta de matrícula, educación preescolar, varones. Corresponde al número total de niños matriculados en educación preescolar, independientemente de su edad, expresado como porcentaje de la población total de niños en edad oficial de cursar enseñanza preescolar. La TBM puede ser superior a 100% debido a la inclusión de estudiantes mayores y menores a la edad oficial ya sea por repetir grados o por un ingreso precoz o tardío a dicho nivel de enseñanza.","Instituto de Estadística de la Organización de las Naciones Unidas para la Educación, la Ciencia y la Cultura (UNESCO).",
"SE.PRE.ENRR.FE","Inscripción escolar, nivel preprimario, mujeres (% bruto)","Tasa bruta de matrícula (TBM), educación preescolar, mujeres. Corresponde al número total de niñas matriculadas en educación preescolar, independientemente de su edad, expresado como porcentaje de la población total de niñas en edad oficial de cursar educación preescolar. La TBM puede ser superior a 100% debido a la inclusión de estudiantes mayores y menores a la edad oficial ya sea por repetir grados o por un ingreso precoz o tardío a dicho nivel de enseñanza.","Instituto de Estadística de la Organización de las Naciones Unidas para la Educación, la Ciencia y la Cultura (UNESCO).",
"SE.PRE.ENRR","Inscripción escolar, nivel preprimario (% bruto)","Tasa bruta de matrícula, educación preescolar, total. Corresponde al número total de estudiantes matriculados en educación preescolar, independientemente de su edad, expresado como porcentaje de la población total en edad oficial de cursar enseñanza preescolar. La TBM puede ser superior a 100% debido a la inclusión de estudiantes mayores y menores a la edad oficial ya sea por repetir grados o por un ingreso precoz o tardío a dicho nivel de enseñanza.","Instituto de Estadística de la Organización de las Naciones Unidas para la Educación, la Ciencia y la Cultura (UNESCO).",
"SE.PRE.ENRL.TC.ZS","Relación alumno-maestro, preescolar","Average number of pupils per teacher at a given level of education, based on headcounts of both pupils and teachers. Divide the total number of pupils enrolled at the specified level of education by the number of teachers at the same level. In computing and interpreting this indicator, one should take into account the existence of part-time teaching, school-shifts, multi-grade classes and other practices that may affect the precision and meaningfulness of pupil-teacher ratios. When feasible, the number of part-time teachers is converted to ‘full-time equivalent’ teachers; a double-shift teacher is counted twice, etc. Teachers are defined as persons whose professional activity involves the transmitting of knowledge, attitudes and skills that are stipulated in a formal curriculum programme to students enrolled in a formal educational institution.","Instituto de Estadística de la Organización de las Naciones Unidas para la Educación, la Ciencia y la Cultura (UNESCO).",
"SE.PRE.DURS","Educación preescolar, duración (años)","Preprimary duration refers to the number of grades (years) in preprimary school.","United Nations Educational, Scientific, and Cultural Organization (UNESCO) Institute for Statistics.",
"SE.ENR.TERT.FM.ZS","Proporción de inscripciones de mujeres con respecto a varones en la educación terciaria (%)","Índice de paridad de género de la tasa bruta de matrícula, educación superior. Corresponde a la proporción entre la tasa bruta de matrícula femenina en educación superior y la tasa bruta de matrícula masculina en el mismo nivel. Para calcularlo, se divide el valor del indicador correspondiente a las mujeres por el valor del indicador correspondiente a los varones. Un IPG igual a 1 indica paridad entre varones y mujeres. En general, un valor inferior a 1 indica una desigualdad a favor de los varones, mientras que un valor superior a 1 indica que la desigualdad favorece a las mujeres.  ","Instituto de Estadística de la Organización de las Naciones Unidas para la Educación, la Ciencia y la Cultura (UNESCO).",
"SE.ENR.SECO.FM.ZS","Proporción de inscripciones de mujeres con respecto a varones en la educación secundaria (%)","Índice de paridad de género de la tasa bruta de matrícula, educación secundaria, todos los programas. Corresponde a la proporción entre la tasa bruta de matrícula femenina en educación secundaria y la tasa bruta de matrícula masculina en dicho nivel de enseñanza. Para calcular este índice, se divide el valor del indicador correspondiente a las mujeres por el valor del indicador correspondiente a los varones. Un IPG igual a 1 indica la paridad entre varones y mujeres. En general, un valor inferior a 1 indica una desigualdad a favor de los varones, mientras que un valor superior a 1 indica que la desigualdad favorece a las mujeres.  ","Instituto de Estadística de la Organización de las Naciones Unidas para la Educación, la Ciencia y la Cultura (UNESCO).",
"SE.ENR.PRSC.FM.ZS","Proporción de niñas con respecto a niños en educación primaria y secundaria (%)","Índice de paridad de género (IPG) de la tasa bruta de matrícula, educación primaria y secundaria. Corresponde a la proporción entre la tasa bruta de matrícula femenina en educación primaria y secundaria y la tasa bruta de matrícula masculina en dichos niveles de educación. Para calcular este índice, se divide el valor del indicador correspondiente a las mujeres por el valor del indicador correspondiente a los varones. Un IPG igual a 1 indica la paridad entre varones y mujeres. En general, un valor inferior a 1 indica una desigualdad a favor de los varones, mientras que un valor superior a 1 indica que la desigualdad favorece a las mujeres.  ","Instituto de Estadística de la Organización de las Naciones Unidas para la Educación, la Ciencia y la Cultura (UNESCO).",
"SE.ENR.PRIM.FM.ZS","Proporción de inscripciones de mujeres con respecto a varones en la educación primaria (%)","Índice de paridad de género (IPG) de la tasa bruta de matrícula, educación primaria. Corresponde a la proporción entre la tasa bruta de matrícula femenina en educación primaria y la tasa bruta de matrícula masculina en dicho nivel de enseñanza. Para calcular este índice, se divide el valor del indicador correspondiente a las mujeres por el valor del indicador correspondiente a los varones. Un IPG igual a 1 indica la paridad entre varones y mujeres. En general, un valor inferior a 1 indica una desigualdad a favor de los varones, mientras que un valor superior a 1 indica que la desigualdad favorece a las mujeres.  ","Instituto de Estadística de la Organización de las Naciones Unidas para la Educación, la Ciencia y la Cultura (UNESCO).",
"SE.COM.DURS","Educación obligatoria, duración (años)","Number of years that children are legally obliged to attend school.","UNESCO Institute for Statistics",
"SE.ADT.LITR.ZS","Tasa de alfabetización, total de adultos (% de personas de 15 años o más)","Tasa (%) de alfabetización de adultos (15+), total. Corresponde al porcentaje de la población mayor de 15 años que es capaz de leer y escribir, con entendimiento, una proposición simple y breve sobre su vida diaria. En general, el término “alfabetización” incluye también habilidades aritméticas, es decir, la capacidad de hacer cálculos matemáticos sencillos. Para calcular este indicador se divide el número de personas alfabetizadas mayores de 15 años por la población del correspondiente grupo etáreo y se multiplica por 100. ","Instituto de Estadística de la Organización de las Naciones Unidas para la Educación, la Ciencia y la Cultura (UNESCO).",
"SE.ADT.LITR.MA.ZS","Tasa de alfabetización, varones adultos (% de varones de 15 años o más)","Tasa (%) de alfabetización de adultos (15+), varones. Corresponde al porcentaje de varones mayores de 15 años que son capaces de leer y escribir, con entendimiento, una proposición simple y breve sobre su vida diaria. En general, el término “alfabetización” incluye también habilidades aritméticas, es decir, la capacidad de hacer cálculos matemáticos sencillos. Para calcular este indicador se divide el número de varones alfabetizados mayores de 15 años por la población del correspondiente grupo etáreo y se multiplica por 100. ","Instituto de Estadística de la Organización de las Naciones Unidas para la Educación, la Ciencia y la Cultura (UNESCO).",
"SE.ADT.LITR.FE.ZS","Tasa de alfabetización, mujeres adultas (% de mujeres de 15 años o más)","Tasa (%) de alfabetización de adultos (15+), mujeres. Corresponde al porcentaje de mujeres mayores de 15 años que son capaces de leer y escribir, con entendimiento, una proposición simple y breve sobre su vida diaria. En general, el término “alfabetización” incluye también habilidades aritméticas, es decir, la capacidad de hacer cálculos matemáticos sencillos. Para calcular este indicador se divide el número de mujeres alfabetizadas mayores de 15 años por la población del correspondiente grupo etáreo y se multiplica por 100. ","Instituto de Estadística de la Organización de las Naciones Unidas para la Educación, la Ciencia y la Cultura (UNESCO).",
"SE.ADT.1524.LT.ZS","Tasa de alfabetización, total de jóvenes (% de personas entre 15 y 24 años)","Tasa de alfabetización juvenil (15-24) (%), total. Corresponde al número de personas de entre 15 y 24 años que son capaces de leer y escribir, con entendimiento, una proposición simple y breve sobre su vida diaria, dividido por la población en dicho grupo etáreo. En general, el término “alfabetización” incluye también las habilidades aritméticas, es decir la capacidad de hacer cálculos matemáticos sencillos.","Instituto de Estadística de la Organización de las Naciones Unidas para la Educación, la Ciencia y la Cultura (UNESCO).",
"SE.ADT.1524.LT.MA.ZS","Tasa de alfabetización, varones jóvenes (% de varones entre 15 y 24 años)","Tasa de alfabetización juvenil (15-24) (%), varones. Corresponde al número de varones de entre 15 y 24 años que son capaces de leer y escribir, con entendimiento, una proposición simple y breve sobre su vida diaria, dividido por la población masculina en dicho grupo etáreo. En general, el término “alfabetización” incluye también las habilidades aritméticas, es decir la capacidad de hacer cálculos matemáticos sencillos.","Instituto de Estadística de la Organización de las Naciones Unidas para la Educación, la Ciencia y la Cultura (UNESCO).",
"SE.ADT.1524.LT.FM.ZS","Proporción de mujeres con respecto a varones de jóvenes alfabetizados (% de jóvenes entre 15 y 24 años de edad)","Índice de paridad de género de la tasa de alfabetización juvenil. Corresponde a la proporción entre la tasa de alfabetización juvenil femenina y la tasa de alfabetización juvenil masculina. Para calcular este índice, se divide el valor del indicador correspondiente a las mujeres por el valor del indicador correspondiente a los varones. Un IPG igual a 1 indica paridad entre varones y mujeres. En general, un valor inferior a 1 indica una desigualdad a favor de los varones, mientras que un valor superior a 1 indica que la desigualdad favorece a las mujeres.  ","Instituto de Estadística de la Organización de las Naciones Unidas para la Educación, la Ciencia y la Cultura (UNESCO).",
"SE.ADT.1524.LT.FE.ZS","Tasa de alfabetización, mujeres jóvenes (% de mujeres entre 15 y 24 años)","Tasa de alfabetización juvenil (15-24) (%), mujeres. Corresponde al número de mujeres de entre 15 y 24 años que son capaces de leer y escribir, con entendimiento, una proposición simple y breve sobre su vida diaria, dividido por la población femenina en dicho grupo etáreo. En general, el término “alfabetización” incluye también habilidades aritméticas, es decir, la capacidad de hacer cálculos matemáticos sencillos.","Instituto de Estadística de la Organización de las Naciones Unidas para la Educación, la Ciencia y la Cultura (UNESCO).",
